{
  "n_spheres": 0,
  "r_ext": 0.025,
  "r_int": 0.023,
  "height": 0.1,
  "packing_method": "hexagonal_3d",
  "validation": {
    "ok": true,
    "n_spheres": 25,
    "pair_violations": 0,
    "domain_violations": 0,
    "messages": []
  },
  "porosity_estimate": 0.9997259466412021,
  "generation": {
    "n_placed": 25,
    "n_target": 25,
    "elapsed_sec": 0.187693699990632,
    "stopped_reason": "ok_truncado",
    "step_x": 0.0016,
    "step_y": 0.0013856406460551018,
    "step_z": 0.0013063945294843617,
    "candidates_before_trim": 50401
  },
  "generation_wall_time_sec": 0.19047699999646284,
  "gap_convention": "center_distance >= r1+r2+gap",
  "n_spheres_requested": 25,
  "n_spheres_placed": 25,
  "sphere_centers_preview": [
    [
      0.0,
      0.0,
      0.0026127890589687235
    ],
    [
      0.0,
      0.0,
      0.005225578117937447
    ],
    [
      0.0,
      0.0,
      0.00783836717690617
    ],
    [
      0.0,
      0.0,
      0.010451156235874894
    ],
    [
      0.0,
      0.0,
      0.013063945294843617
    ],
    [
      0.0,
      0.0,
      0.01567673435381234
    ],
    [
      0.0,
      0.0,
      0.018289523412781065
    ],
    [
      0.0,
      0.0,
      0.020902312471749788
    ],
    [
      0.0,
      0.0,
      0.02351510153071851
    ],
    [
      0.0,
      0.0,
      0.026127890589687234
    ],
    [
      0.0,
      0.0,
      0.028740679648655957
    ],
    [
      0.0,
      0.0,
      0.03135346870762468
    ]
  ],
  "sphere_centers_histogram": [
    [
      0.0,
      0.0,
      0.0026127890589687235
    ],
    [
      0.0,
      0.0,
      0.005225578117937447
    ],
    [
      0.0,
      0.0,
      0.00783836717690617
    ],
    [
      0.0,
      0.0,
      0.010451156235874894
    ],
    [
      0.0,
      0.0,
      0.013063945294843617
    ],
    [
      0.0,
      0.0,
      0.01567673435381234
    ],
    [
      0.0,
      0.0,
      0.018289523412781065
    ],
    [
      0.0,
      0.0,
      0.020902312471749788
    ],
    [
      0.0,
      0.0,
      0.02351510153071851
    ],
    [
      0.0,
      0.0,
      0.026127890589687234
    ],
    [
      0.0,
      0.0,
      0.028740679648655957
    ],
    [
      0.0,
      0.0,
      0.03135346870762468
    ],
    [
      0.0,
      0.0,
      0.033966257766593407
    ],
    [
      0.0,
      0.0,
      0.03657904682556213
    ],
    [
      0.0,
      0.0,
      0.03919183588453085
    ],
    [
      0.0,
      0.0,
      0.041804624943499576
    ],
    [
      0.0,
      0.0,
      0.0444174140024683
    ],
    [
      0.0,
      0.0,
      0.04703020306143702
    ],
    [
      0.0,
      0.0,
      0.049642992120405745
    ],
    [
      0.0,
      0.0,
      0.05225578117937447
    ],
    [
      0.0,
      0.0,
      0.05486857023834319
    ],
    [
      0.0,
      0.0,
      0.057481359297311914
    ],
    [
      0.0,
      0.0,
      0.06009414835628064
    ],
    [
      0.0,
      0.0,
      0.06270693741524937
    ],
    [
      0.0,
      0.0,
      0.06531972647421809
    ]
  ],
  "pair_violations": 0,
  "domain_violations": 0,
  "placement_attempts_total": null,
  "placement_rejections_approx": null,
  "slice": {
    "slice_enabled": true,
    "slice_thickness": 0.006,
    "slice_axis": "y",
    "slice_position": 0.0,
    "keep_only_intersecting_particles": true,
    "preserve_original_packing": true
  }
}